Ticker,volatility
ADANIENT,0.028600523792508773
ADANIPORTS,0.026028643454512626
BEL,0.02328339205987511
TRENT,0.02307379893265212
ONGC,0.022247312175683334
BPCL,0.022068851102664967
SHRIRAMFIN,0.021686664608623993
COALINDIA,0.021411449147905517
HINDALCO,0.019586836411430903
NTPC,0.01947501170129666
